INSERT INTO destinations(id, name, weather, kidFriendlyScore, foodQualityScore, priceIndex, instagramAbilityScore, nativeLanguage, purpose, hotelQualityScore, country, continent, popularity, recTripLength, currency, attractionScore, safetyScore) VALUES (1, 'New York City', 'Continental', 2, 10, 9, 9, 'English', 'Sightseeing', 8, 'USA', 'North America', 10, 'weekend', 'USD', 9, 5);
INSERT INTO destinations(id, name, weather, kidFriendlyScore, foodQualityScore, priceIndex, instagramAbilityScore, nativeLanguage, purpose, hotelQualityScore, country, continent, popularity, recTripLength, currency, attractionScore, safetyScore) VALUES (2, 'San Francisco', 'Temperate', 4, 9, 8, 9, 'English', 'Sightseeing', 7, 'USA', 'North America', 8, 'weekend', 'USD', 8, 4);
INSERT INTO destinations(id, name, weather, kidFriendlyScore, foodQualityScore, priceIndex, instagramAbilityScore, nativeLanguage, purpose, hotelQualityScore, country, continent, popularity, recTripLength, currency, attractionScore, safetyScore) VALUES (3, 'Prague', 'Continental', 3, 9, 4, 9, 'Czech', 'Sightseeing', 5, 'Czech Republic', 'Europe', 9, 'one week', 'Czech crown', 7, 8);
INSERT INTO destinations(id, name, weather, kidFriendlyScore, foodQualityScore, priceIndex, instagramAbilityScore, nativeLanguage, purpose, hotelQualityScore, country, continent, popularity, recTripLength, currency, attractionScore, safetyScore) VALUES (4, 'Punta Cana', 'Tropical', 10, 2, 3, 7, 'Spanish', 'Relaxation', 8, 'Dominican Republic', 'North America', 5, 'more than one week', 'Peso', 4, 3); 
INSERT INTO destinations(id, name, weather, kidFriendlyScore, foodQualityScore, priceIndex, instagramAbilityScore, nativeLanguage, purpose, hotelQualityScore, country, continent, popularity, recTripLength, currency, attractionScore, safetyScore) VALUES (5, 'Banff', 'Continental', 7, 7, 5, 10, 'English', 'Nature', 9, 'Canada', 'North America', 7, 'one week', 'CAD', 8, 9);
INSERT INTO destinations(id, name, weather, kidFriendlyScore, foodQualityScore, priceIndex, instagramAbilityScore, nativeLanguage, purpose, hotelQualityScore, country, continent, popularity, recTripLength, currency, attractionScore, safetyScore) VALUES (6, 'Montego Bay', 'Tropical', 10, 8, 3, 9, 'English', 'Relaxation', 6, 'Jamaica', 'North America', 5, 'one week', 'JMD', 7, 4);
INSERT INTO destinations(id, name, weather, kidFriendlyScore, foodQualityScore, priceIndex, instagramAbilityScore, nativeLanguage, purpose, hotelQualityScore, country, continent, popularity, recTripLength, currency, attractionScore, safetyScore) VALUES (7, 'Las Vegas', 'Dry', 2, 8, 8, 9, 'English', 'Sightseeing', 10, 'USA', 'North America', 10, 'weekend', 'USD', 8, 4);
INSERT INTO destinations(id, name, weather, kidFriendlyScore, foodQualityScore, priceIndex, instagramAbilityScore, nativeLanguage, purpose, hotelQualityScore, country, continent, popularity, recTripLength, currency, attractionScore, safetyScore) VALUES (8, 'Dubai', 'Dry', 8, 10, 8, 10, 'Arabic', 'Sightseeing', 9, 'UAE', 'Asia', 10, 'one week', 'AED', 10, 10);
INSERT INTO destinations(id, name, weather, kidFriendlyScore, foodQualityScore, priceIndex, instagramAbilityScore, nativeLanguage, purpose, hotelQualityScore, country, continent, popularity, recTripLength, currency, attractionScore, safetyScore) VALUES (9, 'London', 'Continental', 6, 9, 8, 8, 'English', 'Sightseeing', 5, 'England', 'Europe', 10, 'one week', 'GBP', 9, 5);
INSERT INTO destinations(id, name, weather, kidFriendlyScore, foodQualityScore, priceIndex, instagramAbilityScore, nativeLanguage, purpose, hotelQualityScore, country, continent, popularity, recTripLength, currency, attractionScore, safetyScore) VALUES (10, 'Paris', 'Continental', 3, 9, 8, 9, 'French', 'Sightseeing', 8, 'France', 'Europe', 10, 'weekend', 'Euro', 9, 5);
INSERT INTO destinations(id, name, weather, kidFriendlyScore, foodQualityScore, priceIndex, instagramAbilityScore, nativeLanguage, purpose, hotelQualityScore, country, continent, popularity, recTripLength, currency, attractionScore, safetyScore) VALUES (11, 'Sydney', 'Continental', 5, 8, 9, 8, 'English', 'Sightseeing', 7, 'Australia', 'Australia', 8, 'one week', 'AUD', 9, 10);
INSERT INTO destinations(id, name, weather, kidFriendlyScore, foodQualityScore, priceIndex, instagramAbilityScore, nativeLanguage, purpose, hotelQualityScore, country, continent, popularity, recTripLength, currency, attractionScore, safetyScore) VALUES (12, 'Varadero', 'Tropical', 10, 3, 6, 9, 'Spanish', 'Relaxation', 6, 'Cuba', 'North America', 5, 'one week', 'Cuban Peso', 2, 5);
INSERT INTO destinations(id, name, weather, kidFriendlyScore, foodQualityScore, priceIndex, instagramAbilityScore, nativeLanguage, purpose, hotelQualityScore, country, continent, popularity, recTripLength, currency, attractionScore, safetyScore) VALUES (13, 'Los Angeles', 'Temperate', 6, 8, 9, 10, 'English', 'Sightseeing', 8, 'USA', 'North America', 10, 'weekend', 'USD', 6, 6);
INSERT INTO destinations(id, name, weather, kidFriendlyScore, foodQualityScore, priceIndex, instagramAbilityScore, nativeLanguage, purpose, hotelQualityScore, country, continent, popularity, recTripLength, currency, attractionScore, safetyScore) VALUES (14, 'Berlin', 'Continental', 2, 6, 5, 6, 'German', 'Sightseeing', 8, 'Germany', 'Europe', 7, 'weekend', 'Euro', 9, 8);
INSERT INTO destinations(id, name, weather, kidFriendlyScore, foodQualityScore, priceIndex, instagramAbilityScore, nativeLanguage, purpose, hotelQualityScore, country, continent, popularity, recTripLength, currency, attractionScore, safetyScore) VALUES (15, 'Anchorage', 'Cold', 1, 5, 2, 9, 'English', 'Nature', 5, 'USA', 'North America', 3, 'weekend', 'USD', 5, 7);
INSERT INTO destinations(id, name, weather, kidFriendlyScore, foodQualityScore, priceIndex, instagramAbilityScore, nativeLanguage, purpose, hotelQualityScore, country, continent, popularity, recTripLength, currency, attractionScore, safetyScore) VALUES (16, 'Cairo', 'Dry', 2, 4, 3, 9, 'Arabic', 'Sightseeing', 4, 'Egypt', 'Africa', 9, 'one week', 'Egyptian Pound', 10, 4);
INSERT INTO destinations(id, name, weather, kidFriendlyScore, foodQualityScore, priceIndex, instagramAbilityScore, nativeLanguage, purpose, hotelQualityScore, country, continent, popularity, recTripLength, currency, attractionScore, safetyScore) VALUES (17, 'Rio de Janiero', 'Temperate', 1, 5, 2, 5, 'Portuguese', 'Sightseeing', 5, 'Brazil', 'South America', 7, 'weekend', 'Real', 7, 2);
INSERT INTO destinations(id, name, weather, kidFriendlyScore, foodQualityScore, priceIndex, instagramAbilityScore, nativeLanguage, purpose, hotelQualityScore, country, continent, popularity, recTripLength, currency, attractionScore, safetyScore) VALUES (18, 'Lima', 'Dry', 3, 5, 3, 4, 'Spanish', 'Sightseeing', 5, 'Peru', 'South America', 5, 'one week', 'Sol', 8, 3);
INSERT INTO destinations(id, name, weather, kidFriendlyScore, foodQualityScore, priceIndex, instagramAbilityScore, nativeLanguage, purpose, hotelQualityScore, country, continent, popularity, recTripLength, currency, attractionScore, safetyScore) VALUES (19, 'Seychelles', 'Tropical', 7, 4, 7, 7, 'English', 'Relaxation', 6, 'Seychelles', 'Africa', 2, 'more than one week', 'Rupee', 3, 9);
INSERT INTO destinations(id, name, weather, kidFriendlyScore, foodQualityScore, priceIndex, instagramAbilityScore, nativeLanguage, purpose, hotelQualityScore, country, continent, popularity, recTripLength, currency, attractionScore, safetyScore) VALUES (20, 'Tokyo', 'Temperate', 2, 9, 6, 9, 'Japanese', 'Sightseeing', 9, 'Japan', 'Asia', 10, 'weekend', 'Yen', 7, 8);
INSERT INTO destinations(id, name, weather, kidFriendlyScore, foodQualityScore, priceIndex, instagramAbilityScore, nativeLanguage, purpose, hotelQualityScore, country, continent, popularity, recTripLength, currency, attractionScore, safetyScore) VALUES (21, 'Oslo', 'Continental', 6, 7, 7, 10, 'Norwegian', 'Nature', 10, 'Norway', 'Europe', 2, 'weekend', 'Krone', 7, 7);
INSERT INTO destinations(id, name, weather, kidFriendlyScore, foodQualityScore, priceIndex, instagramAbilityScore, nativeLanguage, purpose, hotelQualityScore, country, continent, popularity, recTripLength, currency, attractionScore, safetyScore) VALUES (22, 'Tanzania', 'Tropical', 1, 2, 1, 8, 'Swahili', 'Nature', 1, 'Tanzania', 'Africa', 3, 'one week', 'Shilling', 9, 3);
INSERT INTO destinations(id, name, weather, kidFriendlyScore, foodQualityScore, priceIndex, instagramAbilityScore, nativeLanguage, purpose, hotelQualityScore, country, continent, popularity, recTripLength, currency, attractionScore, safetyScore) VALUES (23, 'Auckland', 'Temperate', 5, 7, 9, 6, 'English', 'Nature', 7, 'New Zealand', 'Australia', 4, 'one week', 'NZD', 3, 6);
INSERT INTO destinations(id, name, weather, kidFriendlyScore, foodQualityScore, priceIndex, instagramAbilityScore, nativeLanguage, purpose, hotelQualityScore, country, continent, popularity, recTripLength, currency, attractionScore, safetyScore) VALUES (24, 'Rome', 'Temperate', 4, 10, 8, 9, 'Italian', 'Sightseeing', 7, 'Italy', 'Europe', 9, 'one week', 'Euro', 9, 5);
INSERT INTO destinations(id, name, weather, kidFriendlyScore, foodQualityScore, priceIndex, instagramAbilityScore, nativeLanguage, purpose, hotelQualityScore, country, continent, popularity, recTripLength, currency, attractionScore, safetyScore) VALUES (25, 'Hawaii', 'Tropical', 10, 6, 9, 9, 'English', 'Nature', 9, 'USA', 'North America', 9, 'more than one week', 'USD', 8, 6);
INSERT INTO destinations(id, name, weather, kidFriendlyScore, foodQualityScore, priceIndex, instagramAbilityScore, nativeLanguage, purpose, hotelQualityScore, country, continent, popularity, recTripLength, currency, attractionScore, safetyScore) VALUES (26, 'Barcelona', 'Temperate', 5, 8, 6, 6, 'Spanish', 'Sightseeing', 7, 'Spain', 'Europe', 8, 'one week', 'Euro', 8, 6);
INSERT INTO destinations(id, name, weather, kidFriendlyScore, foodQualityScore, priceIndex, instagramAbilityScore, nativeLanguage, purpose, hotelQualityScore, country, continent, popularity, recTripLength, currency, attractionScore, safetyScore) VALUES (27, 'Bali', 'Tropical', 2, 6, 1, 9, 'Indonesian', 'Nature', 4, 'Indonesia', 'Asia', 4, 'one week', 'Rupiah', 6, 5);
INSERT INTO destinations(id, name, weather, kidFriendlyScore, foodQualityScore, priceIndex, instagramAbilityScore, nativeLanguage, purpose, hotelQualityScore, country, continent, popularity, recTripLength, currency, attractionScore, safetyScore) VALUES (28, 'Bora Bora', 'Tropical', 6, 3, 7, 9, 'French', 'Relaxation', 8, 'French Polynesia', 'Australia', 6, 'more than one week', 'CFP franc', 5, 8);
INSERT INTO destinations(id, name, weather, kidFriendlyScore, foodQualityScore, priceIndex, instagramAbilityScore, nativeLanguage, purpose, hotelQualityScore, country, continent, popularity, recTripLength, currency, attractionScore, safetyScore) VALUES (29, 'Phuket', 'Tropical', 2, 6, 1, 7, 'Thai', 'Nature', 4, 'Thailand', 'Asia', 3, 'one week', 'Baht', 5, 6);
INSERT INTO destinations(id, name, weather, kidFriendlyScore, foodQualityScore, priceIndex, instagramAbilityScore, nativeLanguage, purpose, hotelQualityScore, country, continent, popularity, recTripLength, currency, attractionScore, safetyScore) VALUES (30, 'Niagara Falls', 'Continental', 10, 5, 9, 10, 'English', 'Sightseeing', 6, 'USA/Canada', 'North America', 10, 'weekend', 'USD/CAD', 9, 6);

INSERT INTO attractions(id, destinationId, name, hoursToVisit, type, description, cost) VALUES (1,1,'National 9/11 Memorial & Museum', 2, 'Both', 'Monument and museum commemorating the victims of the 9/11 attacks', 40);
INSERT INTO attractions(id, destinationId, name, hoursToVisit, type, description, cost) VALUES (2,1,'Central Park', 4, 'outdoor', '843-acre green space in Manhattan', 0);
INSERT INTO attractions(id, destinationId, name, hoursToVisit, type, description, cost) VALUES (3,1,'Empire State Building', 1.5, 'indoor', '1450 foot tall skyscraper with 360 degree view', 65);
INSERT INTO attractions(id, destinationId, name, hoursToVisit, type, description, cost) VALUES (4,2,'Golden Gate Bridge', 4, 'outdoor', '4200 foot long orange bridge over the San Francisco Bay', 0);
INSERT INTO attractions(id, destinationId, name, hoursToVisit, type, description, cost) VALUES (5,2,'Alcatraz', 2.5, 'both', 'Old maximum security prison on an island in San Francisco Bay', 140);
INSERT INTO attractions(id, destinationId, name, hoursToVisit, type, description, cost) VALUES (6,3,'Old Town Square',2,'outdoor','Large 12th century city square featuring town hall and churches',0);
INSERT INTO attractions(id, destinationId, name, hoursToVisit, type, description, cost) VALUES (7,3,'Charles Bridge',1,'outdoor','Pedestrian bridge over the Vltava River with musicians, painters, and vendors',0);
INSERT INTO attractions(id, destinationId, name, hoursToVisit, type, description, cost) VALUES (8,3,'Prague Castle',3,'both','Large castle containing palaces, cathedrals, and historical buildings',20);
INSERT INTO attractions(id, destinationId, name, hoursToVisit, type, description, cost) VALUES (9,4,'Bavaro Beach',4,'outdoor','Sandy beach with huts, restaurants, pools, snorkeling, and catamarans',0);
INSERT INTO attractions(id, destinationId, name, hoursToVisit, type, description, cost) VALUES (10,4,'Macao Beach',4,'outdoor','Sandy and rocky beach, usually quiet',0);
INSERT INTO attractions(id, destinationId, name, hoursToVisit, type, description, cost) VALUES (11,5,'Banff Gondola',3,'both','Gondola ride to Sulphur Mountain, beautiful 360 degree views of surrounding mountains',45);
INSERT INTO attractions(id, destinationId, name, hoursToVisit, type, description, cost) VALUES (12,5,'Lake Minnewanka',2,'outdoor','Cruise on a small, secluded lake with views of surrounding mountains',60);
INSERT INTO attractions(id, destinationId, name, hoursToVisit, type, description, cost) VALUES (13,5,'Bow Falls',1,'outdoor','Hike through the forest by the Bow River and waterfalls',0);
INSERT INTO attractions(id, destinationId, name, hoursToVisit, type, description, cost) VALUES (14,6,'Martha Brae River',1,'outdoor','Ride a bamboo boat down a 3-mile river stretch for some nature sightseeing',70);
INSERT INTO attractions(id, destinationId, name, hoursToVisit, type, description, cost) VALUES (15,6,'Doctors Cave Beach',4,'outdoor','Five miles of white sand and crystal clear blue water',6);
INSERT INTO attractions(id, destinationId, name, hoursToVisit, type, description, cost) VALUES (16,7,'The Strip',6,'both','The strip is filled with shops, hotels, and casinos to check out',0);
INSERT INTO attractions(id, destinationId, name, hoursToVisit, type, description, cost) VALUES (17,7,'The Mob Museum',2,'indoor','Learn about Americas mobsters and organized crimes impact on American society',45);
INSERT INTO attractions(id, destinationId, name, hoursToVisit, type, description, cost) VALUES (18,8,'Burj Khalifa',1,'both','Visit the worlds tallest skyscrapper to ever be built',70);
INSERT INTO attractions(id, destinationId, name, hoursToVisit, type, description, cost) VALUES (19,8,'Dubai Mall',4,'indoor','Visit the worlds largest mall that has a ski hill inside',0);
INSERT INTO attractions(id, destinationId, name, hoursToVisit, type, description, cost) VALUES (20,9,'London Eye',0.5,'both','Hop on one of the 32 glass capsules of the London Eye for views of Londons famous landmarks',50);
INSERT INTO attractions(id, destinationId, name, hoursToVisit, type, description, cost) VALUES (21,9,'Buckingham Palace',1,'outdoor','The royal family home, can see special opening ceremonies',0);
INSERT INTO attractions(id, destinationId, name, hoursToVisit, type, description, cost) VALUES (22,10,'Eiffel Tower',1.5,'both','A main attraction when visitng paris, and a historical landmark',30);
INSERT INTO attractions(id, destinationId, name, hoursToVisit, type, description, cost) VALUES (23,10,'Louvre Museum',3,'indoor','Check out some of the best art in history from famous artists',20);
INSERT INTO attractions(id, destinationId, name, hoursToVisit, type, description, cost) VALUES (24,11,'Sydney Opera House',2,'indoor','An architectural masterpiece with a vibrant performance space',90);
INSERT INTO attractions(id, destinationId, name, hoursToVisit, type, description, cost) VALUES (25,11,'Royal Botanic Garden Sydney',2,'outdoor','A major botanical garden, and one of the oldest botanical institutions in the world',0);
INSERT INTO attractions(id, destinationId, name, hoursToVisit, type, description, cost) VALUES (26,12,'Varadero Beach',4,'outdoor','Long stretch of sand beach, with turquoise waters',0);
INSERT INTO attractions(id, destinationId, name, hoursToVisit, type, description, cost) VALUES (27,12,'Coral Beach',4,'outdoor','See coral reef by scuba diving',100);
INSERT INTO attractions(id, destinationId, name, hoursToVisit, type, description, cost) VALUES (28,13,'Hollywood Sign',1,'outdoor','Visit Hollywood, taking in views of the iconic Hollywood sign',0);
INSERT INTO attractions(id, destinationId, name, hoursToVisit, type, description, cost) VALUES (29,13,'Getty Center',2,'indoor','Well known for its artworks, architecture, and gardens',25);
INSERT INTO attractions(id, destinationId, name, hoursToVisit, type, description, cost) VALUES (30,14,'Brandenburg Gate',1,'outdoor','Berlins most famous landmark, it has a symbol of German history',0);
INSERT INTO attractions(id, destinationId, name, hoursToVisit, type, description, cost) VALUES (31,14,'The Rebuilt Reichstag',2,'indoor','A historic government building that houses the Bundestag',0);
INSERT INTO attractions(id, destinationId, name, hoursToVisit, type, description, cost) VALUES (32,15,'Portage Glacier',2,'outdoor','A glacier on the Kenai Peninsula',0);
INSERT INTO attractions(id, destinationId, name, hoursToVisit, type, description, cost) VALUES (33,15,'Alaska Wildlife Conservation Center',3,'outdoor','This santuary maintains over 200 acres of habitat for resident animals such as wolves, bears, and moose',0);

INSERT INTO hotels(id, destinationId, name, cost, rating) VALUES (1,1,'Wall Street Hotel', 660, 5);
INSERT INTO hotels(id, destinationId, name, cost, rating) VALUES (2,1,'Fairfield Inn Manhattan',480,4);
INSERT INTO hotels(id, destinationId, name, cost, rating) VALUES (3,2,'Four Seasons at Embarcadero',590,4);
INSERT INTO hotels(id, destinationId, name, cost, rating) VALUES (4,2,'Hotel Emblem',230,5);
INSERT INTO hotels(id, destinationId, name, cost, rating) VALUES (5,3,'Hotel Residence Agnes',300,5);
INSERT INTO hotels(id, destinationId, name, cost, rating) VALUES (6,3,'Radisson Blu Hotel',220,4);
INSERT INTO hotels(id, destinationId, name, cost, rating) VALUES (7,4,'Melia Punta Cana Beach',430,4);
INSERT INTO hotels(id, destinationId, name, cost, rating) VALUES (8,4,'Barcelo Bavaro Beach',1050,5);
INSERT INTO hotels(id, destinationId, name, cost, rating) VALUES (9,5,'Buffalo Mountain Lounge',270,4);
INSERT INTO hotels(id, destinationId, name, cost, rating) VALUES (10,5,'Fairmont Banff Springs',960,5);
INSERT INTO hotels(id, destinationId, name, cost, rating) VALUES (11,6,'Holiday Inn Resort Montego Bay',215,3);
INSERT INTO hotels(id, destinationId, name, cost, rating) VALUES (12,6,'Hilton Rose Hall Resort & Spa',420,4);
INSERT INTO hotels(id, destinationId, name, cost, rating) VALUES (13,7,'Ceasars Palace',200,4);
INSERT INTO hotels(id, destinationId, name, cost, rating) VALUES (14,7,'Bellagio Hotel & Casino',250,5);
INSERT INTO hotels(id, destinationId, name, cost, rating) VALUES (15,8,'JW Marriott Marquis Hotel',550,5);
INSERT INTO hotels(id, destinationId, name, cost, rating) VALUES (16,8,'Fairmont Dubai',300,5);
INSERT INTO hotels(id, destinationId, name, cost, rating) VALUES (17,9,'The Savoy Hotel',1050,5);
INSERT INTO hotels(id, destinationId, name, cost, rating) VALUES (18,9,'The Waldorf Hitlon Hotel',450,4);
INSERT INTO hotels(id, destinationId, name, cost, rating) VALUES (19,10,'Veryste Hotel',200,4);
INSERT INTO hotels(id, destinationId, name, cost, rating) VALUES (20,10,'Hotel La Lanterne',300,4);
INSERT INTO hotels(id, destinationId, name, cost, rating) VALUES (21,11,'Little National Hotel Sydney',250,4);
INSERT INTO hotels(id, destinationId, name, cost, rating) VALUES (22,11,'Four Seasons Hotel Sydney',350,5);
INSERT INTO hotels(id, destinationId, name, cost, rating) VALUES (23,12,'Memories Varadero Beach Resort',150,4);
INSERT INTO hotels(id, destinationId, name, cost, rating) VALUES (24,12,'Valentin Varadero El Patriarca',125,3);
INSERT INTO hotels(id, destinationId, name, cost, rating) VALUES (25,13,'Pendy West',500,5);
INSERT INTO hotels(id, destinationId, name, cost, rating) VALUES (26,13,'The Beverley Hills Hotel',400,5);
INSERT INTO hotels(id, destinationId, name, cost, rating) VALUES (27,14,'Hilton Berlin',200,4);
INSERT INTO hotels(id, destinationId, name, cost, rating) VALUES (28,14,'Grand Hyatt Berlin',300,5);
INSERT INTO hotels(id, destinationId, name, cost, rating) VALUES (29,15,'Diamond Center Hotel',200,3);
INSERT INTO hotels(id, destinationId, name, cost, rating) VALUES (30,15,'The Hotel Captain Cook',300,4);
