INSERT INTO destinations(id, name, weather, kidFriendlyScore, foodQualityScore, priceIndex, instagramAbilityScore, nativeLanguage, purpose, hotelQualityScore, country, continent, popularity, recTripLength, currency, attractionScore, safetyScore, imageURL) VALUES (1, 'New York City', 'Continental', 2, 10, 9, 9, 'English', 'Sightseeing', 8, 'USA', 'North America', 10, 'weekend', 'USD', 9, 5, 'https://worldstrides.com/wp-content/uploads/2015/07/iStock_000040849990_Large.jpg');
INSERT INTO destinations(id, name, weather, kidFriendlyScore, foodQualityScore, priceIndex, instagramAbilityScore, nativeLanguage, purpose, hotelQualityScore, country, continent, popularity, recTripLength, currency, attractionScore, safetyScore, imageURL) VALUES (2, 'San Francisco', 'Temperate', 4, 9, 8, 9, 'English', 'Sightseeing', 7, 'USA', 'North America', 8, 'weekend', 'USD', 8, 4, 'https://upload.wikimedia.org/wikipedia/commons/6/61/San_Francisco_from_the_Marin_Headlands_in_August_2022.jpg');
INSERT INTO destinations(id, name, weather, kidFriendlyScore, foodQualityScore, priceIndex, instagramAbilityScore, nativeLanguage, purpose, hotelQualityScore, country, continent, popularity, recTripLength, currency, attractionScore, safetyScore, imageURL) VALUES (3, 'Prague', 'Continental', 3, 9, 4, 9, 'Czech', 'Sightseeing', 5, 'Czech Republic', 'Europe', 9, 'one week', 'Czech crown', 7, 8, 'https://upload.wikimedia.org/wikipedia/commons/a/a7/Prague_%286365119737%29.jpg');
INSERT INTO destinations(id, name, weather, kidFriendlyScore, foodQualityScore, priceIndex, instagramAbilityScore, nativeLanguage, purpose, hotelQualityScore, country, continent, popularity, recTripLength, currency, attractionScore, safetyScore, imageURL) VALUES (4, 'Punta Cana', 'Tropical', 10, 2, 3, 7, 'Spanish', 'Relaxation', 8, 'Dominican Republic', 'North America', 5, 'more than one week', 'Peso', 4, 3, 'https://travelguidecompany.com/wp-content/uploads/2019/05/Occidental-Punta-Cana.jpg'); 
INSERT INTO destinations(id, name, weather, kidFriendlyScore, foodQualityScore, priceIndex, instagramAbilityScore, nativeLanguage, purpose, hotelQualityScore, country, continent, popularity, recTripLength, currency, attractionScore, safetyScore, imageURL) VALUES (5, 'Banff', 'Continental', 7, 7, 5, 10, 'English', 'Nature', 9, 'Canada', 'North America', 7, 'one week', 'CAD', 8, 9, 'https://upload.wikimedia.org/wikipedia/commons/a/a8/Banff_from_Sulphur_Mountain_2020.jpg');
INSERT INTO destinations(id, name, weather, kidFriendlyScore, foodQualityScore, priceIndex, instagramAbilityScore, nativeLanguage, purpose, hotelQualityScore, country, continent, popularity, recTripLength, currency, attractionScore, safetyScore, imageURL) VALUES (6, 'Montego Bay', 'Tropical', 10, 8, 3, 9, 'English', 'Relaxation', 6, 'Jamaica', 'North America', 5, 'one week', 'JMD', 7, 4, 'https://images.trvl-media.com/hotels/1000000/870000/863800/863795/6b6906c4_z.jpg');
INSERT INTO destinations(id, name, weather, kidFriendlyScore, foodQualityScore, priceIndex, instagramAbilityScore, nativeLanguage, purpose, hotelQualityScore, country, continent, popularity, recTripLength, currency, attractionScore, safetyScore, imageURL) VALUES (7, 'Las Vegas', 'Dry', 2, 8, 8, 9, 'English', 'Sightseeing', 10, 'USA', 'North America', 10, 'weekend', 'USD', 8, 4, 'http://static.businessinsider.com/image/53af22106bb3f710764de86b/image.jpg');
INSERT INTO destinations(id, name, weather, kidFriendlyScore, foodQualityScore, priceIndex, instagramAbilityScore, nativeLanguage, purpose, hotelQualityScore, country, continent, popularity, recTripLength, currency, attractionScore, safetyScore, imageURL) VALUES (8, 'Dubai', 'Dry', 8, 10, 8, 10, 'Arabic', 'Sightseeing', 9, 'UAE', 'Asia', 10, 'one week', 'AED', 10, 10, 'https://www.esquireme.com/public/images/2020/04/09/dubai-minus-humans.jpg');
INSERT INTO destinations(id, name, weather, kidFriendlyScore, foodQualityScore, priceIndex, instagramAbilityScore, nativeLanguage, purpose, hotelQualityScore, country, continent, popularity, recTripLength, currency, attractionScore, safetyScore, imageURL) VALUES (9, 'London', 'Continental', 6, 9, 8, 8, 'English', 'Sightseeing', 5, 'England', 'Europe', 10, 'one week', 'GBP', 9, 5, 'https://upload.wikimedia.org/wikipedia/commons/e/e4/Palace_of_Westminster_from_the_dome_on_Methodist_Central_Hall_%28cropped%29.jpg');
INSERT INTO destinations(id, name, weather, kidFriendlyScore, foodQualityScore, priceIndex, instagramAbilityScore, nativeLanguage, purpose, hotelQualityScore, country, continent, popularity, recTripLength, currency, attractionScore, safetyScore, imageURL) VALUES (10, 'Paris', 'Continental', 3, 9, 8, 9, 'French', 'Sightseeing', 8, 'France', 'Europe', 10, 'weekend', 'Euro', 9, 5, 'https://d1bvpoagx8hqbg.cloudfront.net/originals/erasmus-experience-paris-france-marie-nadine-1e9930edd5b129d52796b8c08e1fa4c1.jpg');
INSERT INTO destinations(id, name, weather, kidFriendlyScore, foodQualityScore, priceIndex, instagramAbilityScore, nativeLanguage, purpose, hotelQualityScore, country, continent, popularity, recTripLength, currency, attractionScore, safetyScore, imageURL) VALUES (11, 'Sydney', 'Continental', 5, 8, 9, 8, 'English', 'Sightseeing', 7, 'Australia', 'Australia', 8, 'one week', 'AUD', 9, 10, 'http://blog.hihostels.com/wp-content/uploads/2018/02/Sydney-Harbour.jpg');
INSERT INTO destinations(id, name, weather, kidFriendlyScore, foodQualityScore, priceIndex, instagramAbilityScore, nativeLanguage, purpose, hotelQualityScore, country, continent, popularity, recTripLength, currency, attractionScore, safetyScore, imageURL) VALUES (12, 'Varadero', 'Tropical', 10, 3, 6, 9, 'Spanish', 'Relaxation', 6, 'Cuba', 'North America', 5, 'one week', 'Cuban Peso', 2, 5, 'https://wcm.transat.com/getmedia/214f1f2e-e69f-4499-8873-dfc44592c3c8/VRA_MeliaVaradero_Aerial_001.aspx?width=2048&height=1456&ext=.jpg');
INSERT INTO destinations(id, name, weather, kidFriendlyScore, foodQualityScore, priceIndex, instagramAbilityScore, nativeLanguage, purpose, hotelQualityScore, country, continent, popularity, recTripLength, currency, attractionScore, safetyScore, imageURL) VALUES (13, 'Los Angeles', 'Temperate', 6, 8, 9, 10, 'English', 'Sightseeing', 8, 'USA', 'North America', 10, 'weekend', 'USD', 6, 6, 'https://upload.wikimedia.org/wikipedia/commons/6/69/Los_Angeles_with_Mount_Baldy.jpg');
INSERT INTO destinations(id, name, weather, kidFriendlyScore, foodQualityScore, priceIndex, instagramAbilityScore, nativeLanguage, purpose, hotelQualityScore, country, continent, popularity, recTripLength, currency, attractionScore, safetyScore, imageURL) VALUES (14, 'Berlin', 'Continental', 2, 6, 5, 6, 'German', 'Sightseeing', 8, 'Germany', 'Europe', 7, 'weekend', 'Euro', 9, 8, 'https://www.madmonkeyhostels.com/wp-content/uploads/2018/10/shutterstock_566050516.jpg');
INSERT INTO destinations(id, name, weather, kidFriendlyScore, foodQualityScore, priceIndex, instagramAbilityScore, nativeLanguage, purpose, hotelQualityScore, country, continent, popularity, recTripLength, currency, attractionScore, safetyScore, imageURL) VALUES (15, 'Anchorage', 'Cold', 1, 5, 2, 9, 'English', 'Nature', 5, 'USA', 'North America', 3, 'weekend', 'USD', 5, 7, 'https://coed.com/wp-content/uploads/2018/11/anchorage.jpg');
INSERT INTO destinations(id, name, weather, kidFriendlyScore, foodQualityScore, priceIndex, instagramAbilityScore, nativeLanguage, purpose, hotelQualityScore, country, continent, popularity, recTripLength, currency, attractionScore, safetyScore, imageURL) VALUES (16, 'Cairo', 'Dry', 2, 4, 3, 9, 'Arabic', 'Sightseeing', 4, 'Egypt', 'Africa', 9, 'one week', 'Egyptian Pound', 10, 4, 'https://www.ucityguides.com/images/city-guides/cairo-egypt.jpg');
INSERT INTO destinations(id, name, weather, kidFriendlyScore, foodQualityScore, priceIndex, instagramAbilityScore, nativeLanguage, purpose, hotelQualityScore, country, continent, popularity, recTripLength, currency, attractionScore, safetyScore, imageURL) VALUES (17, 'Rio de Janiero', 'Temperate', 1, 5, 2, 5, 'Portuguese', 'Sightseeing', 5, 'Brazil', 'South America', 7, 'weekend', 'Real', 7, 2, 'https://wallpapercave.com/wp/wp4223740.jpg');
INSERT INTO destinations(id, name, weather, kidFriendlyScore, foodQualityScore, priceIndex, instagramAbilityScore, nativeLanguage, purpose, hotelQualityScore, country, continent, popularity, recTripLength, currency, attractionScore, safetyScore, imageURL) VALUES (18, 'Lima', 'Dry', 3, 5, 3, 4, 'Spanish', 'Sightseeing', 5, 'Peru', 'South America', 5, 'one week', 'Sol', 8, 3, 'https://assets.website-files.com/5bb2cb199758ce1535f85891/5c471e11d6a87e06d99991ee_lima%20copy.jpg');
INSERT INTO destinations(id, name, weather, kidFriendlyScore, foodQualityScore, priceIndex, instagramAbilityScore, nativeLanguage, purpose, hotelQualityScore, country, continent, popularity, recTripLength, currency, attractionScore, safetyScore, imageURL) VALUES (19, 'Seychelles', 'Tropical', 7, 4, 7, 7, 'English', 'Relaxation', 6, 'Seychelles', 'Africa', 2, 'more than one week', 'Rupee', 3, 9, 'https://a.cdn-hotels.com/gdcs/production57/d321/dca365de-4415-4f73-a44e-c1e5e2f25f3a.jpg');
INSERT INTO destinations(id, name, weather, kidFriendlyScore, foodQualityScore, priceIndex, instagramAbilityScore, nativeLanguage, purpose, hotelQualityScore, country, continent, popularity, recTripLength, currency, attractionScore, safetyScore, imageURL) VALUES (20, 'Tokyo', 'Temperate', 2, 9, 6, 9, 'Japanese', 'Sightseeing', 9, 'Japan', 'Asia', 10, 'weekend', 'Yen', 7, 8, 'https://s3-eu-west-1.amazonaws.com/emap-nibiru-prod/wp-content/uploads/sites/2/2020/01/01001829/tokyocityoverview-1.jpg');
INSERT INTO destinations(id, name, weather, kidFriendlyScore, foodQualityScore, priceIndex, instagramAbilityScore, nativeLanguage, purpose, hotelQualityScore, country, continent, popularity, recTripLength, currency, attractionScore, safetyScore, imageURL) VALUES (21, 'Oslo', 'Continental', 6, 7, 7, 10, 'Norwegian', 'Nature', 10, 'Norway', 'Europe', 2, 'weekend', 'Krone', 7, 7, 'https://www.fjordtours.com/media/old/6097/foap-nillemor-oslo-3307955_nillemor_visitnorwaycom.jpg');
INSERT INTO destinations(id, name, weather, kidFriendlyScore, foodQualityScore, priceIndex, instagramAbilityScore, nativeLanguage, purpose, hotelQualityScore, country, continent, popularity, recTripLength, currency, attractionScore, safetyScore, imageURL) VALUES (22, 'Tanzania', 'Tropical', 1, 2, 1, 8, 'Swahili', 'Nature', 1, 'Tanzania', 'Africa', 3, 'one week', 'Shilling', 9, 3, 'https://eastafricaluxurytravel.com/wp-content/uploads/2020/11/eb800d55c6f0176e166b1567b2249535_XL.jpg');
INSERT INTO destinations(id, name, weather, kidFriendlyScore, foodQualityScore, priceIndex, instagramAbilityScore, nativeLanguage, purpose, hotelQualityScore, country, continent, popularity, recTripLength, currency, attractionScore, safetyScore, imageURL) VALUES (23, 'Auckland', 'Temperate', 5, 7, 9, 6, 'English', 'Nature', 7, 'New Zealand', 'Australia', 4, 'one week', 'NZD', 3, 6, 'https://rfacdn.nz/corporate/assets/media/invest-city-views-from-the-harbour.jpg');
INSERT INTO destinations(id, name, weather, kidFriendlyScore, foodQualityScore, priceIndex, instagramAbilityScore, nativeLanguage, purpose, hotelQualityScore, country, continent, popularity, recTripLength, currency, attractionScore, safetyScore, imageURL) VALUES (24, 'Rome', 'Temperate', 4, 10, 8, 9, 'Italian', 'Sightseeing', 7, 'Italy', 'Europe', 9, 'one week', 'Euro', 9, 5, 'https://assets.princessjourney.co.uk/heroes/_social/Rome-Local-Hero.jpg');
INSERT INTO destinations(id, name, weather, kidFriendlyScore, foodQualityScore, priceIndex, instagramAbilityScore, nativeLanguage, purpose, hotelQualityScore, country, continent, popularity, recTripLength, currency, attractionScore, safetyScore, imageURL) VALUES (25, 'Hawaii', 'Tropical', 10, 6, 9, 9, 'English', 'Nature', 9, 'USA', 'North America', 9, 'more than one week', 'USD', 8, 6, 'https://www.holidayvacations.com/content/uploads/2018/09/hawaii-three-islands.jpg');
INSERT INTO destinations(id, name, weather, kidFriendlyScore, foodQualityScore, priceIndex, instagramAbilityScore, nativeLanguage, purpose, hotelQualityScore, country, continent, popularity, recTripLength, currency, attractionScore, safetyScore, imageURL) VALUES (26, 'Barcelona', 'Temperate', 5, 8, 6, 6, 'Spanish', 'Sightseeing', 7, 'Spain', 'Europe', 8, 'one week', 'Euro', 8, 6, 'https://www.greenbiz.com/sites/default/files/images/articles/featured/barcelona_kanuman_sstock.jpg');
INSERT INTO destinations(id, name, weather, kidFriendlyScore, foodQualityScore, priceIndex, instagramAbilityScore, nativeLanguage, purpose, hotelQualityScore, country, continent, popularity, recTripLength, currency, attractionScore, safetyScore, imageURL) VALUES (27, 'Bali', 'Tropical', 2, 6, 1, 9, 'Indonesian', 'Nature', 4, 'Indonesia', 'Asia', 4, 'one week', 'Rupiah', 6, 5, 'https://www.abercrombiekent.co.uk/-/media/abercrombieandkent/images/page-header-images/asia/indonesia/bali/bali_0000_indonesia-bali-pura-ulun-danu-bratan.jpg?la=en&hash=3D00E880697E4EAF93670E95C9CA6D67308EEF5D');
INSERT INTO destinations(id, name, weather, kidFriendlyScore, foodQualityScore, priceIndex, instagramAbilityScore, nativeLanguage, purpose, hotelQualityScore, country, continent, popularity, recTripLength, currency, attractionScore, safetyScore, imageURL) VALUES (28, 'Bora Bora', 'Tropical', 6, 3, 7, 9, 'French', 'Relaxation', 8, 'French Polynesia', 'Australia', 6, 'more than one week', 'CFP franc', 5, 8, 'https://i2.wp.com/beautifulplacestovisit.com/wp-content/uploads/2010/04/Bora_Bora_French_Polynesia41.jpg?fit=1600%2C1200');
INSERT INTO destinations(id, name, weather, kidFriendlyScore, foodQualityScore, priceIndex, instagramAbilityScore, nativeLanguage, purpose, hotelQualityScore, country, continent, popularity, recTripLength, currency, attractionScore, safetyScore, imageURL) VALUES (29, 'Phuket', 'Tropical', 2, 6, 1, 7, 'Thai', 'Nature', 4, 'Thailand', 'Asia', 3, 'one week', 'Baht', 5, 6, 'https://www.telegraph.co.uk/content/dam/Travel/Destinations/Asia/Thailand/Phuket/phuket-thailand-beach-boat-lead-main-guide.jpg');
INSERT INTO destinations(id, name, weather, kidFriendlyScore, foodQualityScore, priceIndex, instagramAbilityScore, nativeLanguage, purpose, hotelQualityScore, country, continent, popularity, recTripLength, currency, attractionScore, safetyScore, imageURL) VALUES (30, 'Niagara Falls', 'Continental', 10, 5, 9, 10, 'English', 'Sightseeing', 6, 'USA/Canada', 'North America', 10, 'weekend', 'USD/CAD', 9, 6, 'https://secureservercdn.net/198.71.233.163/x5x.f89.myftpupload.com/wp-content/uploads/2016/10/Niagara-Falls-Horseshoe-Falls-with-Boat-2.jpg?time=1614519858');

INSERT INTO attractions(id, destinationId, name, hoursToVisit, type, description, cost, imageURL) VALUES (1,1,'National 9/11 Memorial & Museum', 2, 'Both', 'Monument and museum commemorating the victims of the 9/11 attacks', 40, 'https://assets.simpleviewinc.com/simpleview/image/upload/crm/newyorkstate/9-11-memorial-03-marley-white_08304459-fd51-e9bc-1df612407cbe64fb.jpg');
INSERT INTO attractions(id, destinationId, name, hoursToVisit, type, description, cost, imageURL) VALUES (2,1,'Central Park', 4, 'outdoor', '843-acre green space in Manhattan', 0, 'https://a.cdn-hotels.com/gdcs/staging126/d1145/8842c813-c6de-496a-9caa-fbb97a6a936a.jpg');
INSERT INTO attractions(id, destinationId, name, hoursToVisit, type, description, cost, imageURL) VALUES (3,1,'Empire State Building', 1.5, 'indoor', '1450 foot tall skyscraper with 360 degree view', 65, 'https://www.urbansplatter.com/wp-content/uploads/2014/07/Empire-State-Building-2013.jpg');
INSERT INTO attractions(id, destinationId, name, hoursToVisit, type, description, cost, imageURL) VALUES (4,2,'Golden Gate Bridge', 4, 'outdoor', '4200 foot long orange bridge over the San Francisco Bay', 0, 'https://aws-tiqets-cdn.imgix.net/images/content/18866d40bbda4a86b2d072a98c7178e1.jpg?auto=format&fit=crop&ixlib=python-3.2.1&q=70&s=f866a4d1e4ce0aafa2543916f576e2a5');
INSERT INTO attractions(id, destinationId, name, hoursToVisit, type, description, cost, imageURL) VALUES (5,2,'Alcatraz', 2.5, 'both', 'Old maximum security prison on an island in San Francisco Bay', 140, 'https://strangesounds.org/wp-content/uploads/2019/05/alcatraz-military-history.jpg');
INSERT INTO attractions(id, destinationId, name, hoursToVisit, type, description, cost, imageURL) VALUES (6,3,'Old Town Square',2,'outdoor','Large 12th century city square featuring town hall and churches',0,'http://picanory.com/wp-content/uploads/2015/12/Old-Town-Square-Prague-aerial-view.jpg');
INSERT INTO attractions(id, destinationId, name, hoursToVisit, type, description, cost, imageURL) VALUES (7,3,'Charles Bridge',1,'outdoor','Pedestrian bridge over the Vltava River with musicians, painters, and vendors',0,'https://www.amazingczechia.com/wp-content/uploads/2018/07/charles-bridge-prague-09-summer.jpg');
INSERT INTO attractions(id, destinationId, name, hoursToVisit, type, description, cost, imageURL) VALUES (8,3,'Prague Castle',3,'both','Large castle containing palaces, cathedrals, and historical buildings',20,'https://www.amazingczechia.com/wp-content/uploads/2017/08/prague-castle-04.jpg');
INSERT INTO attractions(id, destinationId, name, hoursToVisit, type, description, cost, imageURL) VALUES (9,4,'Bavaro Beach',4,'outdoor','Sandy beach with huts, restaurants, pools, snorkeling, and catamarans',0,'https://www.allinclusivist.com/images/resorts/catalonia-bavaro-beach/a79bb7b0.jpg');
INSERT INTO attractions(id, destinationId, name, hoursToVisit, type, description, cost, imageURL) VALUES (10,4,'Macao Beach',4,'outdoor','Sandy and rocky beach, usually quiet',0,'https://www.tripsavvy.com/thmb/s7_cl8o2_HrHkBI4KvgM6cC5qcU=/4500x2635/filters:no_upscale():max_bytes(150000):strip_icc()/macao-beach-landscape-641975814-d7f5a85208b04835b0ce08064af5531d.jpg');
INSERT INTO attractions(id, destinationId, name, hoursToVisit, type, description, cost, imageURL) VALUES (11,5,'Banff Gondola',3,'both','Gondola ride to Sulphur Mountain, beautiful 360 degree views of surrounding mountains',45,'https://www.banffjaspercollection.com/Brewster/media/Images/Attractions/Banff-Gondola/Experience/PX-Gondola-Cars-Sunburst.jpg?ext=.jpg');
INSERT INTO attractions(id, destinationId, name, hoursToVisit, type, description, cost, imageURL) VALUES (12,5,'Lake Minnewanka',2,'outdoor','Cruise on a small, secluded lake with views of surrounding mountains',60,'https://cdn-assets.alltrails.com/uploads/photo/image/20543301/extra_large_465b4d733ad8382120117b54ca514608.jpg');
INSERT INTO attractions(id, destinationId, name, hoursToVisit, type, description, cost, imageURL) VALUES (13,5,'Bow Falls',1,'outdoor','Hike through the forest by the Bow River and waterfalls',0,'https://i.pinimg.com/originals/d2/3c/1f/d23c1f60a8fd0c322d275ef2da352874.jpg');
INSERT INTO attractions(id, destinationId, name, hoursToVisit, type, description, cost, imageURL) VALUES (14,6,'Martha Brae River',1,'outdoor','Ride a bamboo boat down a 3-mile river stretch for some nature sightseeing',70,'https://afar-production.imgix.net/uploads/images/post_images/images/uCmJd51moP/original_6e6aab2570f4ffd63d885ecf33b132c8.jpg?1522684331?ixlib=rails-0.3.0&auto=format%2Ccompress&crop=entropy&fit=crop&h=719&q=80&w=954&dpr=2');
INSERT INTO attractions(id, destinationId, name, hoursToVisit, type, description, cost, imageURL) VALUES (15,6,'Doctors Cave Beach',4,'outdoor','Five miles of white sand and crystal clear blue water',6, 'https://a.travel-assets.com/findyours-php/viewfinder/images/res60/60000/60357-Doctors-Cave-Beach.jpg');
INSERT INTO attractions(id, destinationId, name, hoursToVisit, type, description, cost, imageURL) VALUES (16,7,'The Strip',6,'both','The strip is filled with shops, hotels, and casinos to check out',0,'https://wallpapercave.com/wp/wp2193068.jpg');
INSERT INTO attractions(id, destinationId, name, hoursToVisit, type, description, cost, imageURL) VALUES (17,7,'The Mob Museum',2,'indoor','Learn about Americas mobsters and organized crimes impact on American society',45,'https://www.thetattooedtravelers.com/wp-content/uploads/2018/07/2.The-Mob-Museum-min-1024x576.jpg');
INSERT INTO attractions(id, destinationId, name, hoursToVisit, type, description, cost, imageURL) VALUES (18,8,'Burj Khalifa',1,'both','Visit the worlds tallest skyscrapper to ever be built',70,'https://cdn.britannica.com/37/135437-050-A12461CC/Burj-Khalifa-world-Sheikh-Khalifah-ibn-Zayid-2010.jpg');
INSERT INTO attractions(id, destinationId, name, hoursToVisit, type, description, cost, imageURL) VALUES (19,8,'Dubai Mall',4,'indoor','Visit the worlds largest mall that has a ski hill inside',0,'https://lopesdias.com.br/wp-content/uploads/2017/09/1200x900.jpg');
INSERT INTO attractions(id, destinationId, name, hoursToVisit, type, description, cost, imageURL) VALUES (20,9,'London Eye',0.5,'both','Hop on one of the 32 glass capsules of the London Eye for views of Londons famous landmarks',50,'http://media.cntraveler.com/photos/55c8be0bd36458796e4ca38a/master/pass/london-eye-2-cr-getty.jpg');
INSERT INTO attractions(id, destinationId, name, hoursToVisit, type, description, cost, imageURL) VALUES (21,9,'Buckingham Palace',1,'outdoor','The royal family home, can see special opening ceremonies',0,'https://londonholidaystudios.co.uk/wp-content/uploads/2017/11/buckingham-palace-front.jpg');
INSERT INTO attractions(id, destinationId, name, hoursToVisit, type, description, cost, imageURL) VALUES (22,10,'Eiffel Tower',1.5,'both','A main attraction when visitng paris, and a historical landmark',30,'https://upload.wikimedia.org/wikipedia/commons/thumb/8/85/Tour_Eiffel_Wikimedia_Commons_(cropped).jpg/1200px-Tour_Eiffel_Wikimedia_Commons_(cropped).jpg');
INSERT INTO attractions(id, destinationId, name, hoursToVisit, type, description, cost, imageURL) VALUES (23,10,'Louvre Museum',3,'indoor','Check out some of the best art in history from famous artists',20,'https://media.cntraveler.com/photos/57d961ce3e6b32bf25f5ad0f/16:9/w_2560%2Cc_limit/most-beautiful-paris-louvre-GettyImages-536267205.jpg');
INSERT INTO attractions(id, destinationId, name, hoursToVisit, type, description, cost, imageURL) VALUES (24,11,'Sydney Opera House',2,'indoor','An architectural masterpiece with a vibrant performance space',90,'https://newsroom.unsw.edu.au/sites/default/files/thumbnails/image/shutterstock_90979145_1.jpg');
INSERT INTO attractions(id, destinationId, name, hoursToVisit, type, description, cost, imageURL) VALUES (25,11,'Royal Botanic Garden Sydney',2,'outdoor','A major botanical garden, and one of the oldest botanical institutions in the world',0,'http://2.bp.blogspot.com/-pY8ugocM5TY/VP57jVhHJPI/AAAAAAAAio8/oEFoiWVte_g/s1600/9%2B(12).JPG');
INSERT INTO attractions(id, destinationId, name, hoursToVisit, type, description, cost, imageURL) VALUES (26,12,'Varadero Beach',4,'outdoor','Long stretch of sand beach, with turquoise waters',0,'http://static1.businessinsider.com/image/5499dd696da8115e715ef5fb-1200/varadero-beach-in-cuba.jpg');
INSERT INTO attractions(id, destinationId, name, hoursToVisit, type, description, cost, imageURL) VALUES (27,12,'Coral Beach',4,'outdoor','See coral reef by scuba diving',100,'https://lonelyplanetimages.imgix.net/mastheads/GettyImages-118232290_high.jpg');
INSERT INTO attractions(id, destinationId, name, hoursToVisit, type, description, cost, imageURL) VALUES (28,13,'Hollywood Sign',1,'outdoor','Visit Hollywood, taking in views of the iconic Hollywood sign',0,'https://media.timeout.com/images/100541963/image.jpg');
INSERT INTO attractions(id, destinationId, name, hoursToVisit, type, description, cost, imageURL) VALUES (29,13,'Getty Center',2,'indoor','Well known for its artworks, architecture, and gardens',25,'https://www.tripsavvy.com/thmb/_pB8H3bcFJejpp8xSvR7ffnFV1U=/6421x4281/filters:no_upscale():max_bytes(150000):strip_icc()/Los-Angeles-Assignment-1-61WEB-5c741d5546e0fb0001835de6.jpg');
INSERT INTO attractions(id, destinationId, name, hoursToVisit, type, description, cost, imageURL) VALUES (30,14,'Brandenburg Gate',1,'outdoor','Berlins most famous landmark, it has a symbol of German history',0,'https://cdn.wallpapersafari.com/54/9/uPSGrX.jpg');
INSERT INTO attractions(id, destinationId, name, hoursToVisit, type, description, cost, imageURL) VALUES (31,14,'The Rebuilt Reichstag',2,'indoor','A historic government building that houses the Bundestag',0,'https://images.thrillophilia.com/image/upload/s--dsDohKGb--/c_fill,g_center,h_450,q_auto,w_752/f_auto,fl_strip_profile/v1/images/photos/000/372/024/original/1619174563_shutterstock_1900984825.jpg.jpg');
INSERT INTO attractions(id, destinationId, name, hoursToVisit, type, description, cost, imageURL) VALUES (32,15,'Portage Glacier',2,'outdoor','A glacier on the Kenai Peninsula',0,'https://1.bp.blogspot.com/-Nb8mv4sfV5g/V3Biq5eJAlI/AAAAAAAAWb4/IMPkfAfaDEw1bfJZtueOFDE2Ilf3_2lZQCLcB/s1600/09%2Bportage%2Bglacier%2Bstraight%2Bon%2B20160621_copy.jpg');
INSERT INTO attractions(id, destinationId, name, hoursToVisit, type, description, cost, imageURL) VALUES (33,15,'Alaska Wildlife Conservation Center',3,'outdoor','This santuary maintains over 200 acres of habitat for resident animals such as wolves, bears, and moose',0,'https://assets.simpleviewinc.com/simpleview/image/fetch/q_75/https://assets.simpleviewinc.com/simpleview/image/upload/crm/mat-su/Bears-by-Nicole_B75F35A6-6FE8-4657-81C99C0E8567B7CD_7e28b30d-595d-4487-a798754544557990.jpg');
INSERT INTO attractions(id, destinationId, name, hoursToVisit, type, description, cost, imageURL) VALUES (34,16,'Pyramids of Giza',3,'both','Explore the majestic pyramids, one of the seven wonders of the world',0,'http://ancientworldwonders.com/uploads/Pyramids_of_Giza.jpg');
INSERT INTO attractions(id, destinationId, name, hoursToVisit, type, description, cost, imageURL) VALUES (35,16,'Nile River',1,'outdoor','See the longest river in the world',0,'https://www.tripsavvy.com/thmb/FxPcK6mdg79ZaPDqDiTh9QovTok=/2121x1414/filters:fill(auto,1)/GettyImages-96869652-f6700d0efa8c4efb8031043af8ccaf8e.jpg');
INSERT INTO attractions(id, destinationId, name, hoursToVisit, type, description, cost, imageURL) VALUES (36,17,'Christ the Redeemer',1.5,'outdoor','Climb to the top of Corvadico to see the iconic statue of Christ',32,'https://fthmb.tqn.com/I6wZC3bVDYtPmFex6fyX39H1ixo=/Christ_the_Redeemer-140514153-56a02f845f9b58eba4af490a.jpg');
INSERT INTO attractions(id, destinationId, name, hoursToVisit, type, description, cost, imageURL) VALUES (37,17,'Sugarloaf Mountain',2.5,'outdoor','Beautiful natural and historical landmark accessed by cable car',30,'https://www.realworldholidays.co.uk/blog/wp-content/uploads/2018/01/Rio-tour.jpg');
INSERT INTO attractions(id, destinationId, name, hoursToVisit, type, description, cost, imageURL) VALUES (38,18,'Miraflores',2,'both','Beachfront residential district with excellent shops, restaurants, and nightspots',0,'http://www.enigmaperu.com/blog/wp-content/uploads/2019/04/shutterstock_128327462-e1556558682218.jpg');
INSERT INTO attractions(id, destinationId, name, hoursToVisit, type, description, cost, imageURL) VALUES (39,18,'Museo Larco',2,'indoor','18th century mansion showcasing gold and jewelry from ancient Peru',10,'https://lonelyplanetimages.imgix.net/a/g/hi/t/462d88ce62b489700f83b45ab8777d08-museo-larco.jpg');
INSERT INTO attractions(id, destinationId, name, hoursToVisit, type, description, cost, imageURL) VALUES (40,19,'Anse Lazio',3,'outdoor','Beautiful beach with soft sand, blue water, boulders, and green foliage',0,'https://www.travelguide-en.org/wordpress/wp-content/uploads/2021/01/Anse-Lazio-Praslin-Seychelles.-Credit-Torsten-Dickmann.-Seychelles-Tourism-Board-Media-Hub-1.jpg');
INSERT INTO attractions(id, destinationId, name, hoursToVisit, type, description, cost, imageURL) VALUES (41,19,'Moyenne Island',3,'outdoor','Beatiful island with great views and wildlife',0,'https://i.pinimg.com/originals/39/7c/f7/397cf798fdbdc12d7b0e33aeeaf9bf50.jpg');
INSERT INTO attractions(id, destinationId, name, hoursToVisit, type, description, cost, imageURL) VALUES (42,20,'Meiji Jingu Shrine',1.5,'both','Shinto shrine completed in 1920 with large gates',0,'https://travel.gaijinpot.com/app/uploads/sites/6/2019/05/Meiji-Jingu-2.jpg');
INSERT INTO attractions(id, destinationId, name, hoursToVisit, type, description, cost, imageURL) VALUES (43,20,'Tokyo Skytree',2,'both','Acsend to the top of the tallest tower in the world',15,'https://www.touristsecrets.com/wp-content/uploads/2019/08/Tokyo_Sky_Tree_candle_tree_2.jpg');
INSERT INTO attractions(id, destinationId, name, hoursToVisit, type, description, cost, imageURL) VALUES (44,21,'Fram Museum',1.5,'indoor','Polar history museum containing the strongest wooden polar ship',15,'http://www.atlasandboots.com/wp-content/uploads/2016/12/Fram-museum-in-oslo-Gjoa-main.jpg');
INSERT INTO attractions(id, destinationId, name, hoursToVisit, type, description, cost, imageURL) VALUES (45,21,'Oslo Fjord',2,'outdoor','Take a sightseeing cruise through the picturesque fjord',42,'https://cdn.kimkim.com/files/a/images/ebc94f833a572ec5527cb943a554b4f5f7f77c1d/big-9293bf919e8eb5937b4f886048e57559.jpg');
INSERT INTO attractions(id, destinationId, name, hoursToVisit, type, description, cost, imageURL) VALUES (46,22,'Cheetahs Rock',3,'outdoor','Interact with wildlife in this conservation centre',160,'http://cheetahsrock.org/wp-content/uploads/2017/02/IMG_0304.jpeg');
INSERT INTO attractions(id, destinationId, name, hoursToVisit, type, description, cost, imageURL) VALUES (47,22,'Nakupenda Beach',4,'outdoor','White sand rising from crystal-clear blue water',60,'https://zanzibardestination.co.tz/wp-content/uploads/2015/07/72DEB5CB-1130-4EC3-AC26-C3EE571806FE.jpg');
INSERT INTO attractions(id, destinationId, name, hoursToVisit, type, description, cost, imageURL) VALUES (48,23,'Sky Tower',1,'both','Experience stunning views from the tallest structure in the southern hemisphere',30,'https://2.bp.blogspot.com/-SbxtKET4M7o/V1_FmNiITHI/AAAAAAACOQU/hhQH_BtzDzwJI3SEpHqsgdIqxNiHAnIgQCLcB/s1600/1.jpg');
INSERT INTO attractions(id, destinationId, name, hoursToVisit, type, description, cost, imageURL) VALUES (49,23,'Mount Eden',2,'outdoor','A trip up a high volcanic peak offering striking views of the harbour',0,'https://cdn.audleytravel.com/-/-/79/8002269-mount-eden-auckland.jpg');
INSERT INTO attractions(id, destinationId, name, hoursToVisit, type, description, cost, imageURL) VALUES (50,24,'Colosseum',3,'outdoor','A marble structure used in ancient Rome to hold over 50000 spectators',35,'https://www.sinalcogroup.com/wordpress/wp-content/uploads/2016/12/Colosseum.jpg');
INSERT INTO attractions(id, destinationId, name, hoursToVisit, type, description, cost, imageURL) VALUES (51,24,'Pantheon',1.5,'both','An impressive marble monument of Augustan Rome',0,'https://parnassusprep.com/wp-content/uploads/2018/04/49001092_l.jpg');
INSERT INTO attractions(id, destinationId, name, hoursToVisit, type, description, cost, imageURL) VALUES (52,25,'Kaanapali Beach',3,'outdoor','3 miles of white sand, cliff diving ceremony',0,'https://a.travel-assets.com/findyours-php/viewfinder/images/res70/37000/37431-Kaanapali-Beach.jpg');
INSERT INTO attractions(id, destinationId, name, hoursToVisit, type, description, cost, imageURL) VALUES (53,25,'Diamond Head State Monument',2,'outdoor','Trail leading to the edge of a 300000-year old volcanic crater with spectacular views',0,'https://www.hdnicewallpapers.com/Walls/Big/Countries%20and%20City/Diamond_Head_State_Monument_in_Hawaii_City_of_United_States_Wallpaper.jpg');
INSERT INTO attractions(id, destinationId, name, hoursToVisit, type, description, cost, imageURL) VALUES (54,26,'Basilica de la Segrada Familia',2,'indoor','Monumental church devoted to the holy family',63,'https://media.architecturaldigest.com/photos/5cfea4b0c9f2f22721f26766/3:4/w_2682,h_3576,c_limit/GettyImages-740527937.jpg');
INSERT INTO attractions(id, destinationId, name, hoursToVisit, type, description, cost, imageURL) VALUES (55,26,'Gothic Quarter',2.5,'both','The central historical part of Barcelona',0,'http://www.bizflats.com/blog/wp-content/uploads/2016/06/barcelona-gothic-quarter.jpg');
INSERT INTO attractions(id, destinationId, name, hoursToVisit, type, description, cost, imageURL) VALUES (56,27,'Sacred Monkey Forest Sanctuary',2,'outdoor','Tourist destination focused on conserving the area',24,'http://minoritynomad.com/wp-content/uploads/2015/02/Monkey-Climbs-statues-at-Sacred-Monkey-Forest-Ubud-Indonesia.jpg');
INSERT INTO attractions(id, destinationId, name, hoursToVisit, type, description, cost, imageURL) VALUES (57,27,'Seminyak Beach',3,'outdoor','Sandy beach great for surfing',0,'https://dynamic-media-cdn.tripadvisor.com/media/photo-o/1b/4b/11/f0/the-seminyak-beach-resort.jpg?w=900&h=-1&s=1');
INSERT INTO attractions(id, destinationId, name, hoursToVisit, type, description, cost, imageURL) VALUES (58,28,'Matira Beach',4,'outdoor','Picturesque beach with scenic hiking trails and tourist services',0,'https://i.pinimg.com/originals/80/10/d1/8010d11f0f090fb420d83a4c392d8ce5.jpg');
INSERT INTO attractions(id, destinationId, name, hoursToVisit, type, description, cost, imageURL) VALUES (59,28,'Mount Otemanu',2,'outdoor','Remnant of an ancient volcano by a turquoise lagoon',0,'https://boraboraphotos.com/wp-content/uploads/2012/12/view-of-mt-otemanu.jpg');
INSERT INTO attractions(id, destinationId, name, hoursToVisit, type, description, cost, imageURL) VALUES (60,29,'Big Buddha',1,'outdoor','Walk up to a gigantic statue of Buddha',0,'https://www.tour-phuket.com/wp-content/uploads/2020/04/phuket-big-buddha-162663204382-orijgp-1536x863.jpg');
INSERT INTO attractions(id, destinationId, name, hoursToVisit, type, description, cost, imageURL) VALUES (61,29,'Freedom Beach',4,'outdoor','Sandy and rocky beach surrounded by jungle',0,'https://i1.wp.com/thewelltravelledfamily.com/wp-content/uploads/2019/07/IMG_9496.jpg?ssl=1');
INSERT INTO attractions(id, destinationId, name, hoursToVisit, type, description, cost, imageURL) VALUES (62,30,'Journey Behind the Falls',1,'outdoor','Go down to the base of the Horseshoe Falls for an up-close experience',15,'https://images.rove.me/w_1920,q_85/rpeuzlrvsex8cchcoa89/niagara-falls-journey-behind-the-falls.jpg');
INSERT INTO attractions(id, destinationId, name, hoursToVisit, type, description, cost, imageURL) VALUES (63,30,'Fallsview Casino',4,'indoor','Largest and most elegant casino in Canada',0,'https://media-cdn.tripadvisor.com/media/photo-s/06/f4/d3/b7/fallsview-casino-resort.jpg');

INSERT INTO hotels(id, destinationId, name, cost, rating) VALUES (1,1,'Wall Street Hotel', 660, 5);
INSERT INTO hotels(id, destinationId, name, cost, rating) VALUES (2,1,'Fairfield Inn Manhattan',480,4);
INSERT INTO hotels(id, destinationId, name, cost, rating) VALUES (3,2,'Four Seasons at Embarcadero',590,4);
INSERT INTO hotels(id, destinationId, name, cost, rating) VALUES (4,2,'Hotel Emblem',230,5);
INSERT INTO hotels(id, destinationId, name, cost, rating) VALUES (5,3,'Hotel Residence Agnes',300,5);
INSERT INTO hotels(id, destinationId, name, cost, rating) VALUES (6,3,'Radisson Blu Hotel',220,4);
INSERT INTO hotels(id, destinationId, name, cost, rating) VALUES (7,4,'Melia Punta Cana Beach',430,4);
INSERT INTO hotels(id, destinationId, name, cost, rating) VALUES (8,4,'Barcelo Bavaro Beach',1050,5);
INSERT INTO hotels(id, destinationId, name, cost, rating) VALUES (9,5,'Buffalo Mountain Lounge',270,4);
INSERT INTO hotels(id, destinationId, name, cost, rating) VALUES (10,5,'Fairmont Banff Springs',960,5);
INSERT INTO hotels(id, destinationId, name, cost, rating) VALUES (11,6,'Holiday Inn Resort Montego Bay',215,3);
INSERT INTO hotels(id, destinationId, name, cost, rating) VALUES (12,6,'Hilton Rose Hall Resort & Spa',420,4);
INSERT INTO hotels(id, destinationId, name, cost, rating) VALUES (13,7,'Ceasars Palace',200,4);
INSERT INTO hotels(id, destinationId, name, cost, rating) VALUES (14,7,'Bellagio Hotel & Casino',250,5);
INSERT INTO hotels(id, destinationId, name, cost, rating) VALUES (15,8,'JW Marriott Marquis Hotel',550,5);
INSERT INTO hotels(id, destinationId, name, cost, rating) VALUES (16,8,'Fairmont Dubai',300,5);
INSERT INTO hotels(id, destinationId, name, cost, rating) VALUES (17,9,'The Savoy Hotel',1050,5);
INSERT INTO hotels(id, destinationId, name, cost, rating) VALUES (18,9,'The Waldorf Hitlon Hotel',450,4);
INSERT INTO hotels(id, destinationId, name, cost, rating) VALUES (19,10,'Veryste Hotel',200,4);
INSERT INTO hotels(id, destinationId, name, cost, rating) VALUES (20,10,'Hotel La Lanterne',300,4);
INSERT INTO hotels(id, destinationId, name, cost, rating) VALUES (21,11,'Little National Hotel Sydney',250,4);
INSERT INTO hotels(id, destinationId, name, cost, rating) VALUES (22,11,'Four Seasons Hotel Sydney',350,5);
INSERT INTO hotels(id, destinationId, name, cost, rating) VALUES (23,12,'Memories Varadero Beach Resort',150,4);
INSERT INTO hotels(id, destinationId, name, cost, rating) VALUES (24,12,'Valentin Varadero El Patriarca',125,3);
INSERT INTO hotels(id, destinationId, name, cost, rating) VALUES (25,13,'Pendy West',500,5);
INSERT INTO hotels(id, destinationId, name, cost, rating) VALUES (26,13,'The Beverley Hills Hotel',400,5);
INSERT INTO hotels(id, destinationId, name, cost, rating) VALUES (27,14,'Hilton Berlin',200,4);
INSERT INTO hotels(id, destinationId, name, cost, rating) VALUES (28,14,'Grand Hyatt Berlin',300,5);
INSERT INTO hotels(id, destinationId, name, cost, rating) VALUES (29,15,'Diamond Center Hotel',200,3);
INSERT INTO hotels(id, destinationId, name, cost, rating) VALUES (30,15,'The Hotel Captain Cook',300,4);
INSERT INTO hotels(id, destinationId, name, cost, rating) VALUES (31,16,'Al Masa Hotel',145,5);
INSERT INTO hotels(id, destinationId, name, cost, rating) VALUES (32,16,'Novotel Cairo Airport',140,3);
INSERT INTO hotels(id, destinationId, name, cost, rating) VALUES (33,17,'Windsor Oceanico',150,4);
INSERT INTO hotels(id, destinationId, name, cost, rating) VALUES (34,17,'Americas Copacabana Hotel',180,4);
INSERT INTO hotels(id, destinationId, name, cost, rating) VALUES (35,18,'Sheraton Lima',150,4);
INSERT INTO hotels(id, destinationId, name, cost, rating) VALUES (36,18,'Iberostar Miraflores',200,3);
INSERT INTO hotels(id, destinationId, name, cost, rating) VALUES (37,19,'Constance Ephelia',700,4);
INSERT INTO hotels(id, destinationId, name, cost, rating) VALUES (38,19,'Captains Villa',170,4);
INSERT INTO hotels(id, destinationId, name, cost, rating) VALUES (39,20,'ONE@Tokyo',350,4);
INSERT INTO hotels(id, destinationId, name, cost, rating) VALUES (40,20,'Hilton Tokyo',480,5);
INSERT INTO hotels(id, destinationId, name, cost, rating) VALUES (41,21,'K7 Hotel Oslo',200,4);
INSERT INTO hotels(id, destinationId, name, cost, rating) VALUES (42,21,'Grand Hotel Oslo',460,4);
INSERT INTO hotels(id, destinationId, name, cost, rating) VALUES (43,22,'Four Seasons Serengeti',1600,5);
INSERT INTO hotels(id, destinationId, name, cost, rating) VALUES (44,22,'The Residence Zanzibar',495,5);
INSERT INTO hotels(id, destinationId, name, cost, rating) VALUES (45,23,'Delamore Lodge',1450,5);
INSERT INTO hotels(id, destinationId, name, cost, rating) VALUES (46,23,'Adina Apartment Hotel',240,4);
INSERT INTO hotels(id, destinationId, name, cost, rating) VALUES (47,24,'Hotel Colosseum',760,4);
INSERT INTO hotels(id, destinationId, name, cost, rating) VALUES (48,24,'Hotel Camelia',220,4);
INSERT INTO hotels(id, destinationId, name, cost, rating) VALUES (49,25,'Hilton Hawaiian Village',480,4);
INSERT INTO hotels(id, destinationId, name, cost, rating) VALUES (50,25,'Aston Waikiki Sunset',370,3);
INSERT INTO hotels(id, destinationId, name, cost, rating) VALUES (51,26,'Hotel Acta Atrium Palace',150,4);
INSERT INTO hotels(id, destinationId, name, cost, rating) VALUES (52,26,'Generator Barcelona',130,4);
INSERT INTO hotels(id, destinationId, name, cost, rating) VALUES (53,27,'Ulaman Eco Retreat',440,4);
INSERT INTO hotels(id, destinationId, name, cost, rating) VALUES (54,27,'Buahan',910,5);
INSERT INTO hotels(id, destinationId, name, cost, rating) VALUES (55,28,'Four Season Resort',2330,5);
INSERT INTO hotels(id, destinationId, name, cost, rating) VALUES (56,28,'Intercontinental Le Moana',920,4);
INSERT INTO hotels(id, destinationId, name, cost, rating) VALUES (57,29,'JW Marriott Phuket',400,4);
INSERT INTO hotels(id, destinationId, name, cost, rating) VALUES (58,29,'Amari Phuket',230,4);
INSERT INTO hotels(id, destinationId, name, cost, rating) VALUES (59,30,'Hilton Niagara Falls',180,4);
INSERT INTO hotels(id, destinationId, name, cost, rating) VALUES (60,30,'Sheraton Fallsview',210,4);
